term,estimate,std.error,statistic,p.value,conf.low,conf.high
(Intercept),0.013695019715448493,0.01936915962442488,-221.52344860890153,0,0.013181756417188223,0.01422160837116329
moral_weight,0.6817340566378853,0.03251349745716545,-11.78327997383203,4.760390166006478e-32,0.6395177990535471,0.7264554077921298
modevs_random,70.87364217764079,0.020484595993759423,208.00501045639558,0,68.0986394406712,73.79260057115381
modevs_uniform,41.22058760006954,0.0219900643096941,169.11900657511282,0,39.488670028439785,43.04372330335075
moral_weight:modevs_random,0.7869692575709399,0.03482253595572074,-6.879628021326987,6.000904812471916e-12,0.7351687720299172,0.8427010041594183
moral_weight:modevs_uniform,1.5693838979009334,0.03566535844077178,12.636438839439881,1.329398678419568e-36,1.4636551311715311,1.683293222111721
